title,detail_link,sector,contract_type,date_publication,location,salary,study_level,experience,availability,description
Stage en Ressources Humaines,https://www.keejob.com/offres-emploi/224348/stage-en-ressources-humaines/,banque / finance / assurances,Saisonnier,27 novembre 2025,"La Marsa, Tunis, Tunisie",,Bac + 3,Aucune exp√©rience,Plein temps,"Vous √™tes passionn√©(e) par le m√©tier des Ressources Humaines et √† la recherche d'un stage pour d√©velopper vos comp√©tences dans le domaine ? Bank ABC Tunisie vous offre cette opportunit√© et recrute un (e) Stagiaire en Ressources Humaines pour rejoindre notre √©quipe RH.
Vous participerez aux t√¢ches suivantes :
Recrutement
-  Appui √† l‚Äôanalyse des besoins en recrutement.
-  Appui √† la r√©daction et mise en ligne des annonces.
-  Appui √† la pr√©s√©lection des candidatures.
-  Appui √† la conduite les entretiens t√©l√©phoniques.
-  Appui √† la planification des entrevues.
-  Appui √† l‚Äôaccompagnement des nouvelles recrues jusqu‚Äô√† leur int√©gration.  
Formation
-  Appui √† la mise en ≈ìuvre du plan de formation.
-  Appui √† la r√©alisation des tableaux de bord r√©guliers sur diff√©rents axes d'analyse de la formation : formation mandataires, CNFCPP, etc.
Projets RH
-  Appui √† la digitalisation des dossiers RH.
Profil du candidat
-  Disponible imm√©diatement 
-  Vous disposez d'une lettre d'affectation Universitaire et vous souhaitez approfondir votre formation par un stage en Ressources Humaines.
-  Dynamique et organis√© (e). 
Date du debut du stage : 01/12/2025
Lieu du stage : Berges du Lac 1"
Agent de Service Support/Agent(e) d‚ÄôEntretien,https://www.keejob.com/offres-emploi/224036/agent-de-service-supportagente-dentretien/,banque / finance / assurances,CDI,27 novembre 2025,"Tunis, Tunisie",,Secondaire,Entre 2 et 5 ans,Plein temps,"Bank ABC Tunisie recrute pour le poste d‚ÄôAgent(e) de Service Support/ Agent(e) d‚ÄôEntretien.
Principales t√¢ches & Responsabilit√©s:
Entretien des locaux :
Nettoyage des sols (balayage, aspiration, lavage)
D√©poussi√©rage des surfaces, mobilier, objets et √©quipements
Nettoyage des vitres, miroirs, portes, interrupteurs
D√©sinfection r√©guli√®re des zones de contact (poign√©es, interrupteurs, t√©l√©phones‚Ä¶).
Sanitaires et espaces communs :
D√©sinfection des toilettes, lavabos, poign√©es, surfaces sensibles
Approvisionnement des consommables (papier, savon, essuie-mains)
Nettoyage et d√©sinfection des cuisines / coins repas si applicable
Gestion du mat√©riel :
Entretien courant du mat√©riel et des √©quipements de nettoyage
Signalement des anomalies, pannes ou d√©t√©riorations
Respect des protocoles d‚Äôutilisation des produits d‚Äôentretien
Port d‚Äôun badge et d‚Äôun uniforme de service.
Respect des normes :
Application rigoureuse des consignes de s√©curit√© et d‚Äôhygi√®ne
Tri s√©lectif des d√©chets
Participation au maintien d‚Äôun cadre de travail agr√©able et sain
Respect absolu de la confidentialit√©.
Exigences du Poste:
Connaissances
Connaissance des produits et mat√©riels de nettoyage.
Connaissance des r√®gles de s√©curit√© (port de gants, produits, etc.)
Education / Certifications
Dipl√¥me scolaire 
Exp√©rience
Exp√©rience souhait√©e dans le nettoyage professionnel (entreprises, h√¥tels, institutions, r√©sidences)
Qualit√©s Personnelles
Bonne communication & sens du service
Sens de la propret√©, du d√©tail et de l‚Äôorganisation
Discr√©tion, ponctualit√©, fiabilit√©
Capacit√© √† travailler de mani√®re autonome ou en √©quipe
Ponctualit√© et respect des horaires (souvent en horaires d√©cal√©s ou en dehors des heures d‚Äôouverture).
R√©activit√© face aux demandes urgentes d‚Äôentretien ponctuel.

Bank ABC est un employeur √©quitable."
Agent de Service G√©n√©ral / Agent de S√©curit√©,https://www.keejob.com/offres-emploi/224034/agent-de-service-g%C3%A9n%C3%A9ral-agent-de-s%C3%A9curit%C3%A9/,banque / finance / assurances,CDI,27 novembre 2025,"Tunis, Tunisie",,Secondaire,Entre 2 et 5 ans,Plein temps,"Bank ABC recrute pour le poste d‚ÄôAgent de Service G√©n√©ral / Agent de S√©curit√©.
L‚Äôagent de Service G√©n√©ral est charg√© d'assurer la s√©curit√© des locaux, des personnes (employ√©s, clients) et des biens (esp√®ces, documents, √©quipements) au sein de la Banque. Il veille au respect des consignes de s√©curit√© et intervient en cas de situation suspecte ou d‚Äôincident.

Principales t√¢ches & Responsabilit√©s:
Surveillance des acc√®s : Contr√¥ler les entr√©es et sorties des personnes, orienter les visiteurs. 
Rondes de s√©curit√© : Effectuer des rondes r√©guli√®res √† l‚Äôint√©rieur et autour de l‚Äôagence/ batiment pour d√©tecter toute anomalie ou comportement suspect.
Pr√©vention des actes de malveillance : Dissuader les comportements d√©lictueux, rep√©rer les individus suspects.
S√©curit√© incendie : V√©rification des dispositifs de s√©curit√© : alarmes, extincteurs, issues de secours, portes s√©curis√©es, etc. et intervenir en cas d‚Äôalertes.
Gestion des situations d‚Äôurgence : R√©agir efficacement en cas d‚Äôalerte, d‚Äôagression, de vol ou d‚Äô√©vacuation.
Remont√©e efficace des alertes : Remonter les alertes dans les d√©lais n√©cessaires au sup√©rieur hi√©rarchique (ou toute autre personne d√©sign√©e) pour assurer la coordination avec la police ou la gendarmerie en cas d‚Äôintervention.
R√©daction de rapports : Noter les incidents et r√©diger des comptes rendus de s√©curit√©.
Gestion des flux dans les zones sensibles (salles serveurs, coffres, bureaux de direction, etc.).

Exigences du Poste:
Connaissance  
Connaissance des r√®gles de s√©curit√© et de s√ªret√©
Sens de l‚Äôobservation et de l‚Äôanticipation
Ma√Ætrise des gestes de premiers secours (souhait√©e)
Connaissance de base des diff√©rents mat√©riels d'alarme, de surveillance et de gestion des d√©parts incendies. 

Education / Certifications  
Certificat Scolaire

Exp√©rience 
Une exp√©rience dans la s√©curit√© physique est souhait√©e

Qualit√©s Personnelles
Capacit√© √† garder son sang-froid
Discr√©tion, ponctualit√©, fiabilit√©
Bonne communication & sens du service
Sens du d√©tail et de l‚Äôorganisation
Capacit√© √† travailler de mani√®re autonome ou en √©quipe
Disponibilit√© pour le travail de nuit, week-ends, jours f√©ri√©s.

Bank ABC est un employeur √©quitable."
Head of Corporate,https://www.keejob.com/offres-emploi/222930/head-of-corporate/,banque / finance / assurances,,27 novembre 2025,"Tunis, Tunisie",,Bac + 5,Plus que 10 ans,Plein temps,"Bank ABC Tunisia is hiring within its Wholesale Banking Division a Head of Corporate reporting directly to the Head of Wholesale Banking.
I - Principal Responsibilities, Accountabilities and Deliverables of Role
The Head of Corporate is responsible for establishing:
Account Strategy:
Grow and protect client portfolio in view of reducing concentration and dependency on a limited number of names and of reaching the goals in terms of revenues, loans, and deposits.
Exit marginal relationships to improve RMs efficiency.
Ensure frequent client meetings to protect and grow Bank ABC share of wallet with existing clients and acquire new clients.
Maximize Portfolio Productivity by re-pricing portfolio, improve return matrix ensure cross selling and product penetration, and identify opportunities in line with defensive industry outlook.
In collaboration with RMs, to grow liabilities, increase monthly average client deposits, and diversify Client base and decrease concentration of non-resident FCY depositors.
Focus on growing number of operating accounts and enhance CASA composition of total liabilities.
Deal origination:
Originate and maintain existing and new client relationships.
Grow operating income and drive more cross-network business.
Improve portfolio productivity and return matrix.
Grow & diversify the client base, and drive activity.
Ensure TOI maximizing exposure and comply by unit Risk appetite.
Ensure Retail-WB synergy and introductions to retail banking.
Ensure the KPIs and KRIs are met.
Credit & Risk management:
Protect the portfolio and ensure its adequate resilience.
Ensure to produce quality CAFs and quick turnaround time in terms of CAF approvals to improve client satisfaction.
Ensure timely renewal of existing CAFs, escalate red flags when identified, prevent credit risk and ultimately reduce provision ratio.
Leadership and Teamwork:
Attract new talents and keep/grow existing ones in order to strengthen ABCT Corporate team and ensure successors for key Corporate positions.
Follow-up exemplary standards that match Bank ABC Values.
Provide leadership that creates a tone of accessibility and continuous improvement.
Be available to clients and ensure consulting and support regarding their financial needs
Team Management
Mobilize the right people and resources, coordinate with different departments, to deliver timely accurate and excellent services to clients.
II - Job Requirements:
Knowledge:
 ‚Ä¢  Analytical / credit skills, knowledge of Tunisian market and main players, understanding of sector trends,
 ‚Ä¢  Client relationship skills.
 ‚Ä¢  Sound knowledge of Corporate products
 ‚Ä¢  Strong credit analysis and credit administration skills.
 ‚Ä¢  Strong computer skills with capability to use spreadsheet, graphic and presentation packages to review and create professional materials
 ‚Ä¢  Good knowledge of the banking regulation and of the banking products
 ‚Ä¢  With strong relationship with the top executives of the most prominent companies in the market and substantial client portfolio.
Experience:
 ‚Ä¢  10 years and plus of of Senior/Management position Corporate experience..
Language:
 ‚Ä¢  Fluent in French, English and Arabic (as they will cover Libya ).
Personal Attributes:
 ‚Ä¢  Ability to be flexible and to juggle multiple priorities, including business driven deadlines
 ‚Ä¢  People management skills, providing counselling and guidance to optimize utilization of resources and achieve results, focusing on developing team members to fulfil their potential
 ‚Ä¢  Demonstrated ability to maintain integrity, confidentiality and diplomacy under all circumstances.
Bank ABC is an equal opportunity employer."
HR Development Manager,https://www.keejob.com/offres-emploi/221915/hr-development-manager/,banque / finance / assurances,CDI,27 novembre 2025,"Tunis, Tunisie",,Bac + 5,Plus que 10 ans,Plein temps,"Bank ABC Tunisia is reinforcing it's Human Resources Department with the recruitment of an HR Development Manager.
The HR Development Manager works under the supervision of the local Head of HR to ensure that HR Department supports the Bank in a way that is constantly improving the development and effectiveness of the organization as this relates to its people. 
       1- Main Responsibilities:
Under the supervision of the local Head of HR, the HR Development manager will have the following under their scope:
-  Employee Engagement
Conduct and report appropriate employee engagement surveys, and oversee sustainable action plans.
-  Diversity 
Implement a program of awareness, under the lead and guidance of the local Head of HR with appropriate interventions to promote diversity, impact the careers of local staff members and the performance of Bank ABC Tunisia.
This program will initially focus on gender diversity.
-  HR Policies
Ensure that HR Policies are fit for purpose, as transparent as possible, align with and support the Bank‚Äôs culture and values, and are legally and regulatory compliant.
As the process moves forward, report all policy status and updates to the local Head of HR for approval.
-  Succession Planning
Implement, refresh the succession planning process, and report all observations and findings to the local Head of HR with a view to making it more effective and also ensuring that it meets regulatory expectations.
Help the local Head of HR to ensure that named successors have been appropriately screened and that realistic development plans are in place, as appropriate.
-  Board Training
Help the local Head of HR Department to make sure that current Board Members trainings are appropriate and comply with regulatory expectations and good practice.
-  Leadership Development
Assist the Local Head of HR in the creation of new leadership development offerings that directly support the business strategy.
Help build mobility programs and supporting policies following the commands of the local Head of HR, to ensure cost effectiveness (i.e. secondments for key talent).
Link to succession planning as appropriate.
-  Training & Development
Analyze training and development strategies in coordination with line managers, by considering immediate and long-term skills requirements, with a group-wide focus.
Improve training and development programs based on the needs of the organization and the individual ‚Äì linking to succession planning as appropriate.
Report all findings and observations about the development and implementation of all training to ensure that it supports business strategy/requirements.
Actively promote an open knowledge-sharing environment that builds knowledge & skills for the benefit of the organization.
Help manage an employee career development process that ties in with succession planning.
Consider and report the costs of training to keep them within budgets, as well as assessing the return on investment.
Improve the processes for selecting, contracting and monitoring training providers, and capitalize on economies of scale.
Improve the Management Trainee Program in order to cultivate future talents for challenging, rewarding professional careers within the Bank. 
-  Bank ABC Academy
Develop and manage ABC Academy, virtual or otherwise.
-  Recruitment
Manage the recruitment process. 
Establish excellent working relationships with MANCOM, and Group Heads of function, in particular, and work to ensure that they are receiving an excellent HR service.
Assisting them to drive change and to ensure that best practices are being spread around the group.
-  Team Management
Manage the Training and Career Development Officer and Talent Acquisition Officer.
Ensure the Back-up of the HR Operations Manager
Consolidate the HR Development Team professional skills to ensure a high level of multitasking knowledge of the Team.
       2- Job Requirements:
- Education:  
Master‚Äôs or Bachelor‚Äôs degree in Human Resources or any relevant field.
Certifications/ Qualifications in relevant areas such as psychometrics, or leadership coaching are an advantage
- Experience:
5 to 10 years of experience in HR.
5 years of experience designing and implementing employee development programs.
- Knowledge: 
- Understanding of the importance of employee engagement, the factors that drive it, and how to create positive change.
- Understanding of how to align interventions to support strategy, and of how to assess the effectiveness of interventions.
- Understanding of the succession planning, diversity, links to recruitment and to other key HR areas.
- Understanding and knowledge of strategic recruitment
- Understanding of HR Policies and how they can be used to support and re-enforce desired organization culture, values and behavior.
Personal Attributes: 
-  Outstanding interpersonal, relationship building and employee coaching skills.
-  Passionate and enthusiastic about delivering training.
-  Tenacious approach to delivery and quality of output.
-  Professional, confidential, ethical and diplomatic attitude under all circumstances.
-  Excellent communication and interpersonal skills.
-  Open-minded, culturally sensitive, people-oriented, non-judgmental.
- English, Arabic and French speaking is an advantage."
Infirmi√®re de travail,https://www.keejob.com/offres-emploi/232603/infirmi%C3%A8re-de-travail/,recrutement / ressources humaines,,27 novembre 2025,"Tunis, Tunisie",,Bac + 3,Entre 2 et 5 ans,Plein temps,"Nous recherchons pour notre partenaire une infirmi√®re de travail 

 Elle aura pour missions : 
 Participer √† la surveillance m√©dicale des salari√©s en pr√©parant les consultations m√©dicales : ( Interrogatoire ,r√©alisation des examens compl√©mentaires ,mesure de tension art√©rielle, temp√©rature, mesure de la glyc√©mie par  glucom√®tre, saturation..)
√ätre sera  capable de donner les soins de premier secours ,d‚Äô orienter les salari√©s victimes d‚Äô accident de travail vers les structures appropri√©es.
Exigences:
Dipl√¥me en soins infirmiers .
Exp√©rience pr√©alable en soins infirmiers, de pr√©f√©rence en entreprise.
Fortes comp√©tences en communication et capacit√© √† travailler en √©quipe.
Capacit√© √† g√©rer les situations d'urgence avec calme et efficacit√©.
Connaissance des protocoles m√©dicaux et des normes de soins."
Agent de transit,https://www.keejob.com/offres-emploi/232601/agent-de-transit/,autres,CDD,27 novembre 2025,"Tunis, Tunisie",800 - 1000 TND / Mois,Bac + 3,Entre 2 et 5 ans,Plein temps,"Une soci√©t√© leader dans le milieu industriel recrute pour l‚Äôun de ses sites :AGENT DE TRANSIT
  ¬∑  Pr√©parer les dossiers d‚Äôimportation et collecter les documents n√©cessaires au d√©douanement ;
¬∑  Planifier les enl√®vements tous en tenant compte des priorit√©s et des contraintes.
¬∑  D√©p√¥t et suivi des d√©clarations ;
¬∑  Effectuer les visites des marchandises avec les offices au niveau de la douane ;
¬∑  Paiement des droits et taxes et toutes autres factures li√©s aux op√©rations de d√©douanement.
¬∑  Suivi des enl√®vements apr√®s la remise des documents au transporteur ;
¬∑  V√©rification de l‚Äôad√©quation entre les enl√®vements planifi√©s et ceux r√©alis√©es ;
¬∑  V√©rifier le retour des conteneurs vides apr√®s le d√©p√¥t de la marchandise ;
¬∑  Evaluer la performance du transporteur en mati√®re de l‚Äôenl√®vement et d√©lais.
¬∑  Agir sur l‚Äôefficacit√© d‚Äôenl√®vement : rapidit√© de chargement / d√©chargement au niveau de l‚Äôusine, efficacit√© de l‚Äôempotage et d√©potage des conteneurs ;
¬∑  Am√©liorer la circulation des flux informationnels entre le service achat et transit en mettant un tableau de bord et un planning √† suivre.
¬∑  Assurer des conditions de transports de MP & PF appropri√©es tout en respectant les r√®gles d‚Äôhygi√®ne et de s√©curit√©."
Assistante Administrative (6 mois),https://www.keejob.com/offres-emploi/232597/assistante-administrative-6-mois/,sant√© / param√©dical / optique,CDD,27 novembre 2025,"El Hrairia, Tunis, Tunisie",,Bac + 3,Moins d'un an,Plein temps,"On recrute un(e) assistant(e) Administrative  pour une dur√©e de 6 mois pour le remplacement lors d'un cong√© de maternit√© 
Vous pouvez postulez si vous cherchez un travail provisoire ou un stage, vous √™tes dipl√¥m√© ou encours d'√©tude sp√©cialit√© Gestion ou √©quivalent, vous √™tes ambitieux et vous avez la volont√© √† apprendre et √† pratiquer toutes les t√¢ches relatives au domaine Administratives : (Orienter, renseigner les visiteurs √† l'accueil - Accueil t√©l√©phonique.- Gestion de stock des fournitures - Planification des r√©unions de travail et des d√©placements professionnels)"
Assistante transite,https://www.keejob.com/offres-emploi/232596/assistante-transite/,autres,CDI,27 novembre 2025,"Fouchana, Ben Arous, Tunisie",700 - 1000 TND / Mois,Bac + 3,Moins d'un an,Plein temps,"La soci√©t√© ITALICA sp√©cialis√© sp√©cialis√©e dans la fabrication des chaussures  cherche √† recruter une  Assistante pour Service transit
-Missions principales :Pr√©parer et suivre les dossiers de transit import/export
- Assurer la coordination avec les clients et le service douanier 
-V√©rifier et valider la conformit√© des documents G√©rer la saisie informatique et l‚Äôarchivage 
-Suivre les op√©rations jusqu‚Äô√† la livraison finale
  -  Pr√©parez le soumission et suivi de l‚Äôinventaire des machines
-Pr√©parez le privil√®ge et les demandes douani√®res  
  Profil recherch√© :Niveau d‚Äô√©tude :- bac+3
- exp√©rience : sans exp√©rience"
Responsable Commercial,https://www.keejob.com/offres-emploi/232578/cotupap-recrute-responsable-commercial/,commerce / vente / distribution,CDI,27 novembre 2025,"Sfax Ville, Sfax, Tunisie",800 - 1500 TND / Mois,Bac + 3,Aucune exp√©rience,Plein temps,"Responsable Commercial Agence Sfax
  COTUPAP Comptoir Tunisien des Papiers, leader dans son domaine,  recrute Responsable Commercial Titulaire d‚Äôune licence en commerce, gestion,management , marketing 
Un jeune homme de pr√©f√©rence dynamique, motiv√©....
Exp√©rience non exig√©e
Une bonne ma√Ætrise du fran√ßais , l‚Äôanglais et de l‚Äôoutil informatique
Mission principale est de s'occuper du portefeuille clients,"
Community Manager,https://www.keejob.com/offres-emploi/232592/community-manager/,agriculture / agro-alimentaire / environnement,CDI,27 novembre 2025,"Ben Arous, Tunisie",,Bac + 3,Entre 1 et 2 ans,Plein temps,"Une soci√©t√© industrielle en forte croissance dans la foodtech, commercialisant dans plus d‚Äôune dizaine de pays (Europe, Afrique, Asie, Am√©rique du nord) recrute un(e) Community Manager Rattach√© au responsable marketing, vos principales missions seront :
1.  Gestion des r√©seaux sociaux :
Cr√©ation et gestion des comptes sociaux de la marque (Facebook, Instagram, Twitter, LinkedIn, TikTok, etc.).
Animation quotidienne des communaut√©s : publication de contenus, mod√©ration des commentaires, r√©ponses aux messages priv√©s.
2.  Cr√©ation de contenu :
R√©daction et cr√©ation de publications (textes, visuels, vid√©os) adapt√©es √† chaque plateforme.
Mise en place de campagnes publicitaires et d‚Äôanimations (concours, jeux, sondages).
3.  Strat√©gie et d√©veloppement de la communaut√© :
Analyse des besoins et attentes de la communaut√© cible (veille concurrentielle, √©tude des tendances).
D√©veloppement de strat√©gies d‚Äôacquisition de nouveaux abonn√©s.
4.  Relations publiques et gestion de la r√©putation :
Gestion de la r√©putation en ligne de la marque (r√©ponses aux commentaires n√©gatifs, gestion de crise).
Gestion des relations avec les influenceurs et ambassadeurs de la marque.
Collaboration avec l‚Äô√©quipe marketing pour le lancement de nouveaux produits ou √©v√©nements.
Profil recherch√© :
Comp√©tences techniques :
Ma√Ætrise des principaux r√©seaux sociaux (Facebook, Instagram, LinkedIn, Twitter, TikTok, etc.).
Comp√©tences en cr√©ation de contenu : outils de cr√©ation visuelle (Canva, Adobe Suite, etc.), r√©daction web, vid√©o.
Formation : Bac+2 √† Bac+5 en Marketing, Communication, Digital, ou √©quivalent.
Exp√©rience : Une premi√®re exp√©rience r√©ussie en tant que Community Manager, ou un poste similaire dans le secteur digital."
Conseillers Commerciaux en R√©ception d'Appel,https://www.keejob.com/offres-emploi/232591/conseillers-commerciaux-en-r%C3%A9ception-dappel/,call center / t√©l√©vente,CDI,27 novembre 2025,"Centre ville, Tunis, Tunisie",1000 - 1500 TND / Mois,Bac,Moins d'un an,Plein temps,"Nous recrutons des Conseillers Commerciaux en R√©ception d'Appels pour offrir une exp√©rience exceptionnelle √† nos clients.
Vos missions :
- Relation Client : R√©pondre aux appels entrants et √©tablir des relations de confiance avec nos clients afin d‚Äô identifier les opportunit√©s de vente et recommander nos produits/services avec conviction.
- Atteinte des Objectifs : Travailler de mani√®re autonome pour atteindre et d√©passer les objectifs de performance
Qualit√©s Recherch√©es :
Exp√©rience confirm√©e :en t√©l√©vente, id√©alement acquise au sein d‚Äôun centre de contact. 
Une exp√©rience dans le domaine de l‚Äô√©nergie constitue un v√©ritable atout.
Communication Ais√©e : Excellentes comp√©tences en communication verbale et √©crite en langue fran√ßaise.
Orientation R√©sultats : Vous aimez les d√©fis et vous excellez dans un environnement ax√© sur les r√©sultats.
Avantages : 
-Une r√©mun√©ration attractive 
-Des primes sur Objectifs D√©plafonn√©es 
-Une carte Sodexo de 154 DT par mois 
-Une assurance Groupe POUR TOUTE LA FAMILLE 
-Des conventions avec des partenaires dans le textile, habillement, produits de soin, restauration etc..
-Culture d'Entreprise Positive
-Des perspectives de d√©veloppement professionnel"
receptionniste,https://www.keejob.com/offres-emploi/232589/receptionniste/,tourisme / h√¥tellerie / restauration / loisirs,CDD,27 novembre 2025,"Hammamet, Nabeul, Tunisie",800 - 1000 TND / Mois,Formations professionnelles,Entre 1 et 2 ans,Plein temps,"Accueil et Enregistrement des Clients
Accueil des clients : Saluer les clients √† leur arriv√©e avec courtoisie et professionnalisme.
Enregistrement : V√©rifier les r√©servations, demander les pi√®ces d'identit√©, remplir les formalit√©s n√©cessaires, et remettre les cl√©s des chambres.
Gestion des R√©servations
Prise de r√©servations : R√©pondre aux appels t√©l√©phoniques et aux courriels pour prendre les r√©servations, les annuler ou les modifier.
Syst√®me de r√©servation : Utiliser le logiciel de gestion h√¥teli√®re pour enregistrer et g√©rer les r√©servations.
Service √† la Client√®le
Informations : Fournir des informations sur les services de l'h√¥tel, les attractions locales, les restaurants, les moyens de transport, etc.
Assistance : R√©pondre aux demandes et questions des clients, r√©soudre les probl√®mes et plaintes avec efficacit√© et courtoisie.
Conciergerie : Organiser des services suppl√©mentaires comme les r√©servations de restaurant, les excursions, les transferts a√©roport, etc.
T√¢ches Administratives
Facturation : Pr√©parer et pr√©senter les factures aux clients lors du d√©part, g√©rer les paiements et traiter les remboursements si n√©cessaire.
Correspondance : G√©rer les courriels, le courrier et les communications internes et externes.
Rapports : Pr√©parer des rapports quotidiens sur les activit√©s de la r√©ception, les revenus, et l'occupation des chambres.
Coordination et Communication
Coordination avec les autres services : Communiquer avec le personnel de m√©nage, de maintenance, et de restauration pour s'assurer que les besoins des clients sont satisfaits.
Passation de consignes : Transmettre les informations importantes aux coll√®gues lors des changements de shift.
S√©curit√©
S√©curit√© des clients : S'assurer que les r√®gles de s√©curit√© sont respect√©es, y compris les proc√©dures d'√©vacuation en cas d'urgence.
Contr√¥le des acc√®s : Surveiller les entr√©es et sorties pour garantir la s√©curit√© des lieux.
Gestion des Conflits
R√©solution des probl√®mes : Traiter les r√©clamations et les litiges de mani√®re professionnelle, en cherchant des solutions satisfaisantes pour les clients."
Technicien Kairouan,https://www.keejob.com/offres-emploi/232590/technicien-kairouan/,commerce / vente / distribution,SIVP,27 novembre 2025,"Kairouan Nord, Kairouan, Tunisie",1 TND / Mois,Formations professionnelles,Moins d'un an,Plein temps,"Offre d‚Äôemploi ‚Äì Technicien Sup√©rieur √©lectrom√©canique zone Kairouan
Lieu : [Kairouan/ Bitumed]
Contrat : [CIVP]
Date d‚Äôentr√©e souhait√©e : [15/12/2025]
Jouissant de plus de cinquante ann√©es d‚Äôexp√©rience, le Groupe Setcar est implant√© dans divers secteurs, notamment l‚Äôexploration, le forage et la distribution de produits p√©troliers, ainsi que la commercialisation de bitume. Fabricant tunisien de bouteilles de gaz et assembleur de camions et tracteurs, il est pionnier et premier acteur priv√© √† avoir investi dans l‚Äôindustrie automobile en Tunisie. Le Groupe occupe une position de r√©f√©rence dans ce domaine et est √©galement pr√©sent dans le secteur h√¥telier
Notre Groupe recrute un technicien pour renforcer son √©quipe au sein de la filiale BITUMED Kairouan qui a pour missions principales :
üîß Profil recherch√© :Dipl√¥me de Technicien Sup√©rieur en √âlectrom√©canique , maintenance industrielle ou chimie
üõ†Ô∏è Missions principales :
Assurer la maintenance pr√©ventive et corrective des √©quipements √©lectrom√©caniques.
Diagnostiquer et r√©parer les pannes m√©caniques, √©lectriques et hydrauliques.
Participer √† l‚Äôinstallation et la mise en service de nouvelles machines.
Suivre les proc√©dures de s√©curit√© et garantir la fiabilit√© des √©quipements.
Proposer des am√©liorations pour optimiser la performance et la dur√©e de vie du mat√©riel.
‚úÖ Comp√©tences requises :Solides connaissances en m√©canique, √©lectricit√© industrielle et automatisme.
Ma√Ætrise des outils de diagnostic et des logiciels de maintenance.
Rigueur, autonomie et esprit d‚Äô√©quipe.
Capacit√© √† travailler dans un environnement industriel exigeant.
üìç Lieu de travail : [KAIROUAN]
üìÖ Type de contrat : [ CIVP ]

Candidature :Envoyez votre CV et lettre de motivation √† l‚Äôadresse suivante en mentionnant l'intitul√© du poste : [khalil.abdellaoui@sefina.com.tn]"
Directeur Commercial (H/F),https://www.keejob.com/offres-emploi/232588/directeur-commercial-hf/,recrutement / ressources humaines,CDI,27 novembre 2025,"Zaghouan, Tunisie",,Bac + 4,Entre 5 et 10 ans,Plein temps,"HR House International recrute pour le compte de son client un Directeur Commercial (H/F)
Lieu: Zone Industrielle Djbel El Ouest ‚Äì Zaghouan
Vos responsabilit√©s :
Vous aurez pour mission de piloter la strat√©gie commerciale, d√©velopper le chiffre d‚Äôaffaires, renforcer la pr√©sence de l‚Äôentreprise √† l‚Äôinternational et structurer l‚Äô√©quipe commerciale compos√©e de 6 personnes. Vous serez √©galement en charge de la prospection commerciale, de la gestion des grands comptes, de la n√©gociation des contrats strat√©giques et du suivi de la performance commerciale via des indicateurs cl√©s.
Profil recherch√© :
Bac+4 minimum
Au moins 10 ans d‚Äôexp√©rience, dont 3 ans minimum en tant que Directeur Commercial
Exp√©rience souhait√©e dans le secteur industriel (fournitures industrielles, √©quipements de protection, emballage, hygi√®ne‚Ä¶)
Excellent sens du leadership et de la n√©gociation
Fran√ßais et anglais courants"
Conducteur des Travaux (photovolta√Øques),https://www.keejob.com/offres-emploi/232585/conducteur-des-travaux-photovolta%C3%AFques/,agriculture / agro-alimentaire / environnement,,27 novembre 2025,"Ezzahra, Ben Arous, Tunisie",,Bac + 3,Entre 2 et 5 ans,Plein temps,"üöÄ ùó°ùóºùòÇùòÄ ùóøùó≤ùó∞ùóøùòÇùòÅùóºùóªùòÄ !
Vous √™tes titulaire d‚Äôune licence en g√©nie √©lectrique ou √©lectrom√©canique, et vous justifiez d'une exp√©rience confirm√©e dans la conduite et le suivi de chantiers ? Vous souhaitez participer √† la r√©alisation de projets techniques structurants et √©voluer au sein d‚Äôune √©quipe engag√©e ?
üëâ Cette opportunit√© est faite pour vous !
üíº ùó£ùóºùòÄùòÅùó≤ : Conducteur des Travaux (photovolta√Øques)- PGH_NOVA GREEN VOLT Ezzahra
Au sein de notre structure, vous serez charg√©(e) de :
- Analyser les plans d‚Äôarchitecte et les plans d‚Äôex√©cution fournis par les bureaux d‚Äô√©tudes.
- Pr√©parer, organiser et planifier les chantiers.
- Coordonner la logistique des approvisionnements li√©e au chantier.
- Assurer la conformit√© technique des installations et le respect du planning projet
.- Organiser et animer les r√©unions de chantier
.- R√©diger les comptes-rendus et assurer le suivi avec le coordinateur technique.
- Organiser les signatures des PV de r√©ception (clients et sous-traitants).
- Animer les d√©marches de pr√©vention des risques et d‚Äôam√©lioration continue.
- Veiller au respect de la r√©glementation et aux bonnes pratiques sur chantier.
üéØ ùó£ùóøùóºùó≥ùó∂ùóπ ùóøùó≤ùó∞ùóµùó≤ùóøùó∞ùóµùó≤ÃÅ :
Licence en g√©nie √©lectrique ou √©lectrom√©canique.
Exp√©rience confirm√©e de 2 √† 5 ans dans un poste similaire.
Bonne connaissance des normes et r√©glementations applicables.
üîë ùó§ùòÇùóÆùóπùó∂ùòÅùó≤ÃÅùòÄ ùóΩùó≤ùóøùòÄùóºùóªùóªùó≤ùóπùóπùó≤ùòÄ :
Rigueur, Autonomie et sens des responsabilit√©s.
Capacit√© √† travailler sur terrain et √† g√©rer les impr√©vus.
Esprit d‚Äô√©quipe."
Customer Service,https://www.keejob.com/offres-emploi/232587/customer-service-transport-maritime/,transport / logistique,CDI,27 novembre 2025,"Rades, Ben Arous, Tunisie",700 - 800 TND / Mois,Bac + 3,Entre 1 et 2 ans,Plein temps,"Un Customer Service chez TUNISHIP sera charg√© d‚Äôassurer la gestion et le suivi des op√©rations de transport maritime, de coordonner les exp√©ditions import/export et de garantir un service client de qualit√©.
Il veillera au respect des proc√©dures, des d√©lais et des exigences r√©glementaires tout en assurant une communication fluide entre les clients, les compagnies maritimes et les prestataires.
Responsabilit√©s principales :
Gestion des dossiers maritimes : Suivre les exp√©ditions import/export, pr√©parer et contr√¥ler les documents (B/L, connaissements, d√©clarations, certificats), et veiller √† la conformit√© douani√®re et r√©glementaire.
Service client : Assurer le r√¥le d‚Äôinterlocuteur principal pour les clients, r√©pondre aux demandes, informer sur l‚Äô√©tat des exp√©ditions, g√©rer les r√©clamations et garantir un haut niveau de satisfaction.
Coordination avec les partenaires : Communiquer et collaborer avec les compagnies maritimes, transitaires, agents portuaires et services internes pour assurer le bon d√©roulement des op√©rations.
Suivi op√©rationnel : G√©rer les al√©as (retards, avaries, litiges), assurer le suivi des arriv√©es et d√©parts des conteneurs, contr√¥ler l‚Äôavancement des exp√©ditions et mettre √† jour les syst√®mes de suivi.
Planification et organisation : Planifier les chargements, anticiper les besoins en capacit√©, optimiser les flux et assurer une coordination efficace avec les √©quipes internes (logistique, commerce, finance).
Suivi administratif : G√©rer les dossiers de facturation transport, suivre les co√ªts logistiques, v√©rifier les tarifs et assurer l‚Äôarchivage des documents.
Am√©lioration continue : Identifier les pistes d‚Äôoptimisation, am√©liorer les processus de suivi client et contribuer √† la performance globale du service.
Comp√©tences requises :
Bonne connaissance du transport maritime et des Incoterms.
Excellentes capacit√©s d‚Äôorganisation et de gestion des priorit√©s.
Sens du service client et bonnes aptitudes en communication.
Capacit√© √† g√©rer les impr√©vus et √† r√©soudre les probl√®mes rapidement.
Ma√Ætrise des outils informatiques (Pack Office, syst√®mes logistiques/TMS).
Rigueur, r√©activit√© et esprit d‚Äô√©quipe.
La ma√Ætrise de l‚Äôanglais serait un atout important.

Ce poste joue un r√¥le essentiel dans la fluidit√© des op√©rations maritimes et dans la satisfaction des clients. Il offre une opportunit√© d‚Äô√©voluer dans un environnement international et de contribuer directement √† la performance logistique de l‚Äôentreprise."
Responsable des ventes,https://www.keejob.com/offres-emploi/232577/responsable-des-ventes/,informatique / t√©l√©coms,,27 novembre 2025,"Tunis, Tunisie",,Bac,Moins d'un an,Plein temps,"Nous recherchons une Responsable des ventes en magasin pour rejoindre notre √©quipe √† temps plein. Vous serez responsable de superviser les op√©rations quotidiennes du magasin, de maximiser les ventes et de garantir une exp√©rience client exceptionnelle. Vos t√¢ches quotidiennes incluront la gestion des stocks, l'organisation des pr√©sentoirs et le mentorat de l'√©quipe de vente. Ce r√¥le est bas√© sur site √† Lac 1.
Qualifications
Exp√©rience en gestion des stocks, planification des ventes et organisation des promotions.
Excellente capacit√© √† fournir un service client de qualit√© et √† g√©rer les r√©clamations.
D'autres qualifications appr√©ci√©es incluent une bonne connaissance des logiciels de gestion de magasin (POS), ainsi qu'une exp√©rience pr√©alable en gestion de magasin de d√©tail."
Assistante Achat et Logistique,https://www.keejob.com/offres-emploi/232584/assistante-achat-et-logistique/,autres,SIVP,27 novembre 2025,"Fouchana, Ben Arous, Tunisie",,Bac + 3,Moins d'un an,Plein temps,"-  Gestion des Commandes :
-√âmettre et suivre les commandes aupr√®s des fournisseurs.
-V√©rifier la conformit√© des livraisons par rapport aux commandes pass√©es.
-  Analyse des Stocks :
-Suivre les niveaux de stock et anticiper les besoins en approvisionnement.
-Participer √† la r√©alisation des inventaires.
-  Coordination avec les Fournisseurs :
-Maintenir une communication r√©guli√®re avec les fournisseurs pour garantir la fluidit√© des approvisionnements.
-R√©soudre les √©ventuels litiges concernant les commandes ou les livraisons.
-  Planification des Achats :
-Contribuer √† l'√©laboration des plans d'approvisionnement en fonction des pr√©visions de ventes.
-Aider √† l'analyse des besoins en achats en collaboration avec les √©quipes commerciales.
-  Reporting et Suivi :
-Produire des rapports sur les achats et les niveaux de stock pour la direction.
-Mettre √† jour les bases de donn√©es li√©es aux achats.
-  Am√©lioration des Processus :
-Proposer des am√©liorations pour optimiser le processus d'achat et de planification.
-Participer √† la mise en ≈ìuvre de nouvelles proc√©dures.
Permis B"
webmaster,https://www.keejob.com/offres-emploi/232581/webmaster/,consulting / √©tude / strat√©gie,CDI,27 novembre 2025,"Nabeul, Nabeul, Tunisie",1000 - 2500 TND / Mois,Bac + 3,Entre 2 et 5 ans,Plein temps,"Vous rejoignez une soci√©t√© de conseil bas√©e √† Mrezga, Nabeul. Notre client est une soci√©t√© sp√©cialis√©e en sant√© num√©rique et en pr√©vention bas√©e √† Paris. Il n‚Äôest pas pr√©vu de d√©placement en France dans le cadre de ce poste.
Au sein de l‚Äô√©quipe Op√©rations et Relation Client, vous √™tes responsable du bon fonctionnement de notre ¬´ usine de contenus ¬ª (plateforme interne de gestion et de publication de contenus digitaux).
Vous √™tes garant de la qualit√©, la coh√©rence et la conformit√© de l‚Äôensemble des contenus diffus√©s, tout en pilotant les op√©rations quotidiennes avec rigueur et sens des priorit√©s‚Ä¶
Missions principales :
Le/La webmaster assure la gestion op√©rationnelle et la maintenance en condition op√©rationnelle (MCO) de notre usine de contenus.
Il/Elle garantit la qualit√©, la coh√©rence et la conformit√© de l‚Äôensemble des contenus diffus√©s, tout en pilotant les op√©rations quotidiennes avec rigueur et sens des priorit√©s.
1. Exploitation et maintenance op√©rationnelle
Assurer le fonctionnement quotidien de l‚Äôusine de contenus : suivi des op√©rations, r√©solution des incidents, coordination avec les √©quipes techniques et m√©tiers.
Veiller au bon d√©roulement des workflows de publication et d‚Äôint√©gration.
Suivre et analyser les indicateurs de performance, de qualit√© et de respect des d√©lais li√©s √† la production de contenus.
2. Gestion de projets (planification, qualit√©, d√©lais)
Planifier, coordonner et suivre les activit√©s d‚Äôint√©gration et de mise √† jour des contenus digitaux.
Garantir la qualit√© des livrables et le respect des √©ch√©ances.
Assurer la relation avec les √©quipes internes (√©quipe contenu, Product Owner, etc.).
Organiser et r√©aliser les phases de test et de recette lors des √©volutions de la plateforme ou des mises √† jour techniques.
3. Int√©gration et contr√¥le qualit√© des contenus
Int√©grer tous types de contenus digitaux : textes, images, vid√©os, modules interactifs, etc.
V√©rifier la qualit√© et la conformit√© des contenus : respect des chartes √©ditoriales et graphiques, coh√©rence visuelle, accessibilit√©, performance.
Identifier et suivre les anomalies d‚Äôaffichage.
Effectuer les contr√¥les responsive et les v√©rifications sur applications mobiles.
Participer √† la r√©daction et √† l‚Äôam√©lioration de la documentation (process, bonnes pratiques).
4. Collaboration et support √† la production multim√©dia
Travailler en bin√¥me avec l‚Äô√©quipe vid√©o pour le montage et l‚Äôint√©gration de contenus audiovisuels.
Assurer la coh√©rence entre les diff√©rents flux de production en lien avec les √©quipes partenaires.
Proposer des am√©liorations pour optimiser les m√©thodes de travail et renforcer la collaboration au sein de l‚Äô√©quipe.
5. (Bonus) Automatisation & IA
Mettre en place des scripts ou outils d‚Äôautomatisation pour simplifier ou fiabiliser les processus d‚Äôint√©gration (ex. application automatique d‚Äôune charte √©ditoriale).
Effectuer une veille active sur les usages de l‚ÄôIA dans la gestion de contenus (analyse s√©mantique, tags automatiques, g√©n√©ration assist√©e, contr√¥le qualit√© automatis√©).
Profil recherch√© :
Formation :
Bac+3 √† Bac+5 en multim√©dia, communication digitale, gestion de projet web ou informatique.
Exp√©rience :
- 3 √† 5 ans minimum d‚Äôexp√©rience en tant que Webmaster, Chef de projets digitaux ou Responsable de production web.
- Exp√©rience significative dans un environnement d‚Äôusine de contenus (CMS, plateformes √©ditoriales complexes).
Comp√©tences techniques :
Ma√Ætrise des CMS et outils d‚Äôint√©gration de contenus (Wordpress, Drupal ou √©quivalent).
Bon niveau en HTML/CSS /Javascript / W3C et principes de responsive design.
Maitrise des outils pour garantir l‚Äôaccessibilit√© web, le bon r√©f√©rencement, SEO‚Ä¶
Bonne culture web design / UX et connaissance des environnements mobile et app.
Outils de test et de recette (TNR, QA, reporting).
Bases en traitement d‚Äôimage (GIMP, photoshop, adobe‚Ä¶) et montage vid√©o (Premiere, After Effects, ou √©quivalent).
(Bonus) Connaissances en automatisation / IA (scripts Python, outils de tagguage automatique, prompt engineering, etc.).
Comp√©tences en gestion de projet :
Gestion du planning, coordination inter-√©quipes, suivi de la qualit√©.
Sens de l‚Äôorganisation et de la rigueur.
Capacit√© √† piloter plusieurs chantiers en parall√®le.
Soft skills :
Esprit d‚Äô√©quipe et collaboration.
Autonomie et proactivit√©.
Curiosit√© technologique et go√ªt pour l‚Äôinnovation.
Sens du d√©tail et exigence qualit√©.
D√©marrage : Janvier 2026
Lieu : Mrezga Nabeul"
Ing√©nieur M√©canique,https://www.keejob.com/offres-emploi/232572/ing%C3%A9nieur-m%C3%A9canique/,industrie m√©talliques,CDI,27 novembre 2025,"Bizerte Sud, Bizerte, Tunisie",1111 - 9999 TND / Mois,Bac + 5,Entre 5 et 10 ans,Plein temps,"Missions principales
Concevoir et d√©velopper des syst√®mes d‚Äôentretien m√©caniques.
R√©aliser des √©tudes techniques, calculs et simulations.
√âlaborer des plans et mod√®les 3D (SolidWorks, Catia, etc.).
Participer √† l‚Äôam√©lioration continue des produits existants.
Assurer le suivi de la fabrication et r√©soudre les probl√®mes techniques.
Collaborer avec les √©quipes, production et qualit√©.
Responsabilit√©s
Assure et coordonne les activit√©s d‚Äôentretien m√©canique, √©lectrique instruments et g√©nie civil.
Etablit le planning n√©cessaire pour maintenir en bon √©tat les installations de l‚Äôusine.
Coordonne et contr√¥le les op√©rations d'entretien donnant des dispositions aux techniciens ; afin de r√©soudre les demandes d'interventions
Effectue des √©tudes et des analyses sur l'√©tat g√©n√©ral des installations proposant solutions et proc√©d√©s qui peuvent r√©duire les co√ªts d‚Äôentretien.
Etablit la priorit√© des travaux qui doivent √™tre ex√©cut√©s d'apr√®s leur urgence d√©termine, en accord avec le sup√©rieur, les outillages et les instruments n√©cessaires.
Assure la responsabilit√© de la s√©curit√© de l'usine
Pr√©pare et √©tablit en accord avec les autres services int√©ress√©s l'√©laboration de programmes des entretiens importants,
Respecte et applique les diff√©rentes proc√©dures de la qualit√© a tous les niveaux,
Veille a sa propre s√©curit√©, la s√©curit√© de ses coll√®gues et des √©quipements qui lui sont allou√©s
Profil recherch√©
Dipl√¥me d‚Äôing√©nieur en m√©canique ou √©quivalent (Bac+5).
Ma√Ætrise des logiciels de CAO (SolidWorks, CATIA, Inventor‚Ä¶).
Connaissance des mat√©riaux, proc√©d√©s de fabrication et normes m√©caniques.
Capacit√© d‚Äôanalyse, sens de l‚Äôinnovation et autonomie.
Une exp√©rience de 5 ans ou plus dans un poste similaire est un atout."
Charg√© communication digitale,https://www.keejob.com/offres-emploi/232568/charg%C3%A9-communication-digitale/,commerce / vente / distribution,Ind√©pendant/Freelance,27 novembre 2025,"La Soukra, Ariana, Tunisie",,Bac,Moins d'un an,Mi-temps/Temps partiel,"Il est du ressort du Charg√© de communication web de d√©finir et de coordonner les op√©rations de la strat√©gie de communication digitale. Il assure la pr√©sence de l‚Äôentreprise sur la toile et g√©n√®re des visites de prospects qualifi√©s sur le site internet. Pour ce faire, il con√ßoit et met en ≈ìuvre des actions de communication on-line efficaces en s‚Äôappuyant sur les outils e-marketing : SEO, SEM, display, r√©seaux sociaux, e-mailings‚Ä¶
  l'animation des r√©seaux sociaux
 la cr√©ation et la gestion de contenu web et r√©seaux sociaux 
,l'optimisation du r√©f√©rencement, 
l'analyse des performances et la gestion de la r√©putation en ligne"
Administration R√©seau & Syst√®me,https://www.keejob.com/offres-emploi/232565/administration-r%C3%A9seau-syst%C3%A8me/,chimie / biologie / physique,CDI,27 novembre 2025,"La Manouba, Tunisie",1000 - 1500 TND / Mois,Bac + 3,Entre 2 et 5 ans,Plein temps,"Connaissance en Syst√®me d'information NAVISION sera un atout.
Administration R√©seau & Syst√®me
Administrer, maintenir et s√©curiser l‚Äôinfrastructure r√©seau (LAN/WAN, switches, routeurs, firewall, VPN).
G√©rer les serveurs Windows/Linux : AD, DNS, DHCP, File Server, virtualisation.
Assurer la supervision et la maintenance de l‚Äôinfrastructure.
G√©rer les solutions de s√©curit√© : antivirus, firewall, sauvegardes.
Support & Maintenance (Niveau 2/3)
Assurer le support technique aux utilisateurs internes.
Diagnostiquer et r√©soudre les incidents syst√®mes, r√©seaux et applicatifs.
Installer et configurer les postes, imprimantes, logiciels, et p√©riph√©riques.
Maintenance Technique Front Office
Assurer le bon fonctionnement des √©quipements Front Office :
PC et terminaux d‚Äôaccueil
Syst√®mes POS / caisses
Imprimantes et scanners
T√©l√©phonie IP
Cam√©ras de surveillance
WIFI et connectivit√© des points de vente/front office
Intervenir rapidement en cas d‚Äôincident pour garantir la continuit√© de service."
Technicien sp√©cialis√© en Electrom√©nager,https://www.keejob.com/offres-emploi/232563/technicien-specialise-dans-lelectromenager/,commerce / vente / distribution,CDI,27 novembre 2025,"La Soukra, Ariana, Tunisie",800 - 1000 TND / Mois,Bac + 3,Entre 5 et 10 ans,Plein temps,"Entreprise sp√©cialis√©e dans la distribution de l'√©lectrom√©nager
Minimum 5ans dans le domaine de r√©paration de l'√©lectrom√©nager 
Diagnostiquer les pannes sur les appareils √©lectrom√©nagers (gros et/ou petit √©lectrom√©nager)
Renseigner les rapports d‚Äôintervention
Assurer une relation client professionnelle et conseill√®re
Installer et mettre en service les √©quipements chez les clients
Disponibilit√©: Plein temps
Exp√©rience:
Entre 5 et 10 ans"
Responsable commercial,https://www.keejob.com/offres-emploi/232566/responsable-commercial/,import / export,SIVP,27 novembre 2025,"Ariana, Tunisie",1000 - 1200 TND / Mois,Bac + 4,Aucune exp√©rience,Plein temps,"une soci√©t√© de consulting cherche √† recruter un jeune diplom√© d'une √©cole de commerce 
‚Ä¢ Prospecter en vue d‚Äôune croissance notable du volume d‚Äôaffaires en consulting,
‚Ä¢ Identifier, ouvrir et suivre de nouvelles cibles clients sur ce p√©rim√®tre g√©ographique (Tunisie, Alg√©rie, Maroc)
‚Ä¢ Animer la relation client et fournisseur : suivi et progression des comptes existants.
‚Ä¢ Anglais obligatoire
Jeune dipl√¥m√© d'une √©cole de commerce  vous aimez le challenge , la prospection pour des nouveaux projets et le contact humain vous int√©resse."
Stage PFE ‚Äì Ing√©nieur d‚ÄôAffaires,https://www.keejob.com/offres-emploi/232562/stage-pfe-ing%C3%A9nieur-daffaires-hf/,informatique / t√©l√©coms,Stage/PFE,27 novembre 2025,"Ariana Ville, Ariana, Tunisie",,Bac + 5,Aucune exp√©rience,Plein temps,"Rejoindre Benman Group Tunisie, c‚Äôest int√©grer une entreprise en pleine expansion dans le conseil et l‚Äôing√©nierie. Ce stage vous offrira une immersion dans le r√¥le d‚Äôun ing√©nieur d‚Äôaffaires au sein d‚Äôune ESN innovante, au croisement du business, du management et de la technologie. Vous participerez √† la croissance de l‚Äôentreprise tout en d√©veloppant vos comp√©tences strat√©giques et relationnelles.
  Missions :
  Identifier de nouvelles opportunit√©s commerciales et d√©velopper le portefeuille client. 
  Contribuer √† la prospection, √† la qualification et au suivi des besoins clients.
  Participer √† la s√©lection et au suivi des profils techniques avec l‚Äô√©quipe sourcing. 
  Pr√©parer et pr√©senter des propositions commerciales claires et attractives. 
  Assurer la coordination des missions et la satisfaction des clients. 
  Alimenter les outils internes de suivi (CRM, reporting, tableaux de bord). 
 Profil recherch√© :
  √âtudiant(e) en derni√®re ann√©e (Bac+5) d‚Äô√©cole de commerce, d‚Äôing√©nierie ou √©quivalent.
  Excellentes aptitudes en communication, √† l‚Äô√©crit comme √† l‚Äôoral. 
  Sens du contact, curiosit√©, autonomie et go√ªt du challenge.
  Ma√Ætrise des outils bureautiques et int√©r√™t pour l‚Äôunivers IT & digital.
Environnement de travail :
  *CRM  *Suite collaborative *Outils bureautiques * Communication d‚Äô√©quipe Informations pratiques 
  Dur√©e : 6 mois (R√©mun√©r√©)
  Lieu : Tunis (Mode hybride) 
  Encadrement : Accompagnement par l‚Äô√©quipe commerciale et la direction 
  Perspectives : Possibilit√© d‚Äôembauche √† l‚Äôissue du stage"
Technicien biom√©dical,https://www.keejob.com/offres-emploi/232561/technicien-en-biomedical/,sant√© / param√©dical / optique,CDI,27 novembre 2025,"Sousse Riadh, Sousse, Tunisie",800 - 1000 TND / Mois,Bac + 3,Aucune exp√©rience,Plein temps,"R√©alise des clich√©s d'imagerie m√©dicale (radiologie conventionnelle, IRM, scannographie, ...) de diagnostic ou de d√©pistage de pathologie selon la prescription m√©dicale.
Peut intervenir dans la mise en place de traitements th√©rapeutiques (radioth√©rapie, curieth√©rapie, ...).
Peut r√©aliser des calculs dosim√©triques.
Renseigner les documents m√©dicoadministratifs de la personne
Suivre l'√©tat des stocks de produits, identifier les besoins en approvisionnement et transmettre la commande √† l'interlocuteur concern√©
V√©rifier le fonctionnement des appareils et informer le service maintenance, le responsable en cas de dysfonctionnement
Ranger et nettoyer la salle de soin/examen, le mat√©riel et proc√©der √† l'√©vacuation, la destruction des d√©chets"
M√©canicien Machines √† coudre,https://www.keejob.com/offres-emploi/232551/m%C3%A9canicien-machines-%C3%A0-coudre/,artisanat / textile / cuir,CDI,27 novembre 2025,"Hammam Zriba, Zaghouan, Tunisie",1000 - 1500 TND / Mois,Formations professionnelles,Entre 2 et 5 ans,Plein temps,"- Installer, r√©gler et ajuster les machines √† coudre industrielles selon les besoins de production.
- Diagnostiquer les pannes m√©caniques et effectuer les r√©parations n√©cessaires.
- R√©aliser la maintenance pr√©ventive pour √©viter les arr√™ts de production.
- Contr√¥ler la qualit√© du point, la tension du fil et la performance des √©quipements.
- Assurer l'installation, la mise en route et le r√©glage des machines √† coudre industrielles."
Assistant(e) Commercial(e),https://www.keejob.com/offres-emploi/232570/assistant-commercial-chimiste/,chimie / biologie / physique,SIVP,27 novembre 2025,"Ben Arous, Ben Arous, Tunisie",,Bac + 3,Moins d'un an,Plein temps,"PROMOLAB Soci√©t√© sp√©cialis√©e dans le traitement des eaux et solutions de laboratoire, nous recherchons un(e) Assistant(e) Commercial(e) dynamique et motiv√©(e) disposant de connaissances solides en chimie.
Missions principales :
Pr√©parer et suivre les devis et offres commerciales
Assurer la relation et le suivi clients (par mail, t√©l√©phone, visites)
Participer √† la prospection et au d√©veloppement du portefeuille clients
Apporter un appui technique et scientifique aux clients (analyse des besoins, orientation vers les solutions adapt√©es)
Collaborer avec l‚Äô√©quipe commerciale et technique pour garantir la satisfaction client
Profil recherch√© :
Formation : Bac+2 ou plus en Chimie / G√©nie Chimique / Sciences des Mat√©riaux
Connaissances en traitement des eaux ou produits chimiques (atout appr√©ci√©)
Solides connaissances en chimie
Sens de l‚Äôorganisation, rigueur et esprit d‚Äô√©quipe
Aptitude √† la communication commerciale et sens du relationnel
Nous offrons :
Un environnement de travail stimulant
Une formation adapt√©e √† nos solutions et produits
Des opportunit√©s de d√©veloppement professionnel"
Charg√©(e) Des Projets Photovolta√Øques,https://www.keejob.com/offres-emploi/232571/charg%C3%A9e-des-projets-photovolta%C3%AFques/,agriculture / agro-alimentaire / environnement,,27 novembre 2025,"Ezzahra, Ben Arous, Tunisie",,Bac + 5,Entre 2 et 5 ans,Plein temps,"üöÄ ùó°ùóºùòÇùòÄ ùóøùó≤ùó∞ùóøùòÇùòÅùóºùóªùòÄ ! 
Vous √™tes titulaire d‚Äôune licence ou d‚Äôun dipl√¥me d‚Äôing√©nieur en g√©nie √©lectrique, √©lectrom√©canique ou √©nerg√©tique, et vous justifiez d'une exp√©rience confirm√©e dans le d√©veloppement de projets solaires photovolta√Øques ? Vous souhaitez contribuer au d√©veloppement et √† la r√©ussite de projets √©nerg√©tiques innovants ?
üëâ Cette opportunit√© est faite pour vous !
üíº ùó£ùóºùòÄùòÅùó≤ : Charg√©(e) des Projets Photovolta√Øques- PGH_NOVA GREEN VOLT Ezzahra
Au sein de notre structure, vous serez charg√©(e) de :
üõ†Ô∏è Gestion et d√©veloppement des projets PV:
- Assurer la bonne conduite des projets solaires photovolta√Øques.
- D√©velopper et veiller √† une concertation efficace aupr√®s de l‚Äôensemble des acteurs impliqu√©s et concern√©s.
- G√©rer les projets conform√©ment aux objectifs d√©finis.
- Am√©liorer les m√©thodes de suivi et d‚Äôex√©cution des projets.
üéØ ùó£ùóøùóºùó≥ùó∂ùóπ ùóøùó≤ùó∞ùóµùó≤ùóøùó∞ùóµùó≤ÃÅ :
Licence ou dipl√¥me d‚Äôing√©nieur en g√©nie √©lectrique, √©lectrom√©canique ou √©nerg√©tique.
Exp√©rience confirm√©e dans le d√©veloppement de projets solaires PV.
Connaissance du cadre r√©glementaire, des proc√©dures et des normes applicables aux projets photovolta√Øques.
Ma√Ætrise des outils et des logiciels de dimensionnement et de simulation des centrales photovolta√Øques : (Pvsyst, Sketchup, Autocad, Aexcel ( VBA)).
üîë ùó§ùòÇùóÆùóπùó∂ùòÅùó≤ÃÅùòÄ ùóΩùó≤ùóøùòÄùóºùóªùóªùó≤ùóπùóπùó≤ùòÄ :
Rigueur, organisation et esprit d‚Äôanalyse.
Bon relationnel, communication claire et capacit√© √† f√©d√©rer autour des projets.
Sens des responsabilit√©s et esprit d‚Äô√©quipe."
Responsable M√©thodes UAP,https://www.keejob.com/offres-emploi/232555/responsable-m%C3%A9thodes-uap/,informatique / t√©l√©coms,CDI,27 novembre 2025,"Menzel Jemil, Bizerte, Tunisie",,Bac + 5,Entre 5 et 10 ans,Plein temps,"le Groupe One Tech op√©rant dans les secteurs de l‚Äôindustrie du c√¢ble, de la m√©catronique (fabrication de circuits imprim√©s, assemblage √©lectronique et m√©canique c√¢blage filaire, injection plastique) et les nouvelles technologies de l‚Äôinformation et de la communication, se distinguant par une intervention multi march√©s et multi expertises dans le domaine automobile et industriel  et emploie plus de 4500 Collaborateurs Recrute un  Responsable M√©thodes UAP : 
Missions
Rattach√© directement au Directeur technique, vous aurez comme missions :
- Organiser et g√©rer de fa√ßon autonome les dossiers produits et les modifications sur les produits/process,
- Assurer le management de la communication clients/fournisseurs,
- Analyser les flux et d√©finir des lay-outs et des am√©nagements des lignes de production,
- Participer et faire partie des chantiers AMDEC,
- Concevoir, mettre en place et am√©liorer les process de production,
- Valider les nouveaux √©quipements de production,
- Renseigner les fiches articles, les articles site, les centres - postes de charge, les gammes de production et les nomenclatures,
- Piloter les chantiers d‚Äôam√©lioration (Hoshin, 5S, VSM etc‚Ä¶),
- Piloter les modifications techniques (planning de modification, √©tude de faisabilit√©, les essais de prototypage, JPC, PPAP, etc‚Ä¶),
- G√©rer la communication client par rapport au sujet technique.
Connaissances Techniques
¬∑ Connaissance des d√©marches Lean,
¬∑ Ma√Ætrise techniques et outils gestion de projet,
¬∑ Ma√Ætrise des techniques de validation / qualification des proc√©d√©s/produit ( SPC, qualification des installations, qualification op√©rationnelle, qualification des performances ...),
¬∑ Ma√Ætrise de l'√©laboration des dossiers de fabrication et de contr√¥le,
¬∑ Ma√Ætrise de l'AMDEC Process,
¬∑ Ma√Ætrise des outils d‚Äôanalyse et de r√©solution de probl√®mes qualit√© et process ( Ishikawa, Pareto, FTA, QRQC...),
Exigences du poste / Profil
De formation  (Bac+5)  dans les sp√©cialit√©s g√©nie industriel, g√©nie m√©canique, m√©catronique, √©lectrique ou √©quivalent.
Vous avez une exp√©rience significative ( min 5 ans ) au sein des services m√©thodes, √©tudes, production.
Vous ma√Ætrisez le processus de production et les technologies associ√©es ainsi que le Lean Manufacturing
Vous disposez des connaissances sur les exigences qualit√© automobiles.
Rigueur, m√©thode, implication, proactivit√© et esprit d'√©quipe sont vos atouts pour r√©ussir √† ce poste.
Vous √™tes bilingue Arabe/Fran√ßais. La ma√Ætrise de l'Anglais est un plus."
Professeur d'√©ducation civique,https://www.keejob.com/offres-emploi/232550/professeur-d%C3%A9ducation-civique/,autres,CDI,27 novembre 2025,"La Marsa, Tunis, Tunisie",700 - 1000 TND / Mois,Bac + 3,Entre 2 et 5 ans,Mi-temps/Temps partiel,"Pr√©parer et dispenser les cours d‚Äô√©ducation civique selon le programme officiel.
Encourager le sens critique et la r√©flexion morale chez les √©l√®ves √† travers des activit√©s participatives.
Sensibiliser les √©l√®ves aux valeurs de citoyennet√©, de tol√©rance, de respect et de solidarit√©.
Organiser des d√©bats, projets ou ateliers sur des th√®mes tels que : les droits de l‚ÄôHomme, la d√©mocratie, l‚Äôenvironnement, le vivre-ensemble, la s√©curit√© routi√®re, etc.
√âvaluer les apprentissages des √©l√®ves √† travers des devoirs, expos√©s et discussions.
Participer activement √† la vie scolaire (r√©unions, projets citoyens, c√©l√©brations nationales, actions de sensibilisation).
Collaborer avec l‚Äô√©quipe √©ducative pour cr√©er un climat scolaire positif et respectueux."
Dessinateur,https://www.keejob.com/offres-emploi/232554/dessinateur/,architecture / immobilier / BTP,CDI,27 novembre 2025,"El Menzah, Tunis, Tunisie",1500 - 2200 TND / Mois,Bac + 3,Entre 5 et 10 ans,Plein temps,"1* Mission G√©n√©rale
R√©aliser les √©tudes graphiques et techniques n√©cessaires √† la conception, l‚Äôex√©cution et la mise en ≈ìuvre de projets industriels, hydrauliques ou de construction. Assurer la conformit√© des plans et maquettes avec les normes techniques, les exigences du client et les contraintes du projet.
2* Responsabilit√©s et T√¢ches Principales
√âlaborer, modifier et mettre √† jour les plans sur logiciels CAO/DAO (AutoCAD, SolidWorks, etc.)
Produire des plans d‚Äôavant-projet, d‚Äôex√©cution, d‚Äôassemblage et de d√©tails.
Participer √† la conception technique en collaboration avec les ing√©nieurs.
R√©aliser des mod√©lisations 2D/3D et rendus techniques.
3* Comp√©tences Requises
Techniques :
Ma√Ætrise CAO/DAO (AutoCAD obligatoire + logiciel selon sp√©cialit√©)
Connaissance approfondie des normes et r√®gles techniques dans le domaine
Lecture et interpr√©tation de plans industriels et de construction
Analyse et synth√®se des donn√©es techniques
Compr√©hension des proc√©d√©s industriels (selon activit√© : m√©canique, hydraulique‚Ä¶)
Transversales :
Organisation, rigueur et autonomie
Capacit√© d‚Äôadaptation et travail en √©quipe
Bonne communication technique
Gestion des priorit√©s et respect des d√©lais
4*Formation & Exp√©rience
Dipl√¥me : Technicien Sup√©rieur ou √©quivalent en G√©nie Industriel, Dessin Technique, G√©nie Civil, M√©canique , Hydraulique,Electrique.
Exp√©rience : Minimum 5 ans dans un Bureau d‚Äô√âtudes ou soci√©t√© d‚Äôing√©nierie
5* Indicateurs de Performance
Qualit√© et conformit√© des plans produits
Respect des d√©lais de livraison
R√©duction des non-conformit√©s techniques
Niveau d‚Äôautonomie et de support aux projets
Satisfaction interne (ing√©nieurs, chefs de projet) et client"
01 Technicien Maintenance c√¢blage,https://www.keejob.com/offres-emploi/232552/01-technicien-maintenance-c%C3%A2blage/,industrie √©lectro-m√©caniques,CDI,27 novembre 2025,"Hammam Zriba, Zaghouan, Tunisie",,Bac + 3,Entre 1 et 2 ans,Plein temps,"description des taches : 
R√©alisation du planning journalier du pr√©ventif
- Assurer intervention curative ligne selon proc√©dure
- Remplir la fiche d'intervention
- Gestion outillage commun
- Remplir les fiches de sortie de pi√®ces de rechange
- Remplir le rapport d'activit√© pr√©ventif
- Consolidation fiche et demande d'intervention curative et pr√©ventive dans des d√©lais
- Suivi des PDCA Am√©lioration continue
- Participer √† la r√©union quotidienne QRQC
- Assurer l'entretien g√©n√©ral des b√¢timents
Maintenir ou r√©tablir les √©quipements de production en √©tat de fonctionnement"
Ing√©nieur Chef d'Atelier √âlectrique (Fejja),https://www.keejob.com/offres-emploi/232545/ing%C3%A9nieur-chef-datelier-%C3%A9lectrique-fejja/,agriculture / agro-alimentaire / environnement,CDI,27 novembre 2025,"Mornaguia, La Manouba, Tunisie",,Bac + 5,Entre 1 et 2 ans,Plein temps,"SOTUCHOC, Soci√©t√© Tunisienne de Chocolaterie et de Confiserie, sp√©cialis√©e dans la fabrication de produits √† base de chocolat et de confiseries diverses, Leader national dans le domaine de l‚Äôagroalimentaire.
Nous appartenons au groupe SA√èDA, qui regroupe plusieurs soci√©t√©s dans l‚Äôagroalimentaire (biscuits, fromages et chocolats).
Nous disposons de deux sites situ√©s √† Megrine & Naassen, et un troisi√®me site en construction √† Fejja, qui sera mis en service prochainement.
Fort de nos 1500 collaborateurs entre les deux sites, et nous sommes toujours en croissance.
Nous sommes certifi√©s ISO 9001, ISO 22000 & Halel.
Nous recrutons un Ing√©nieur Chef d‚ÄôAtelier √âlectrique pour notre site situ√© √† Fejja.
Votre mission :
L‚Äôing√©nieur Chef d‚ÄôAtelier √âlectrique aura les missions suivantes :
- La r√©partition et l'affectation des travaux de maintenance curative, pr√©ventive et des travaux neufs d'ordre √©lectrique
- Le suivi des travaux de sous-traitance √©lectriques
- La gestion et l'encadrement des agents de l'atelier √©lectrique
Exigences de l‚Äôemploi :
- Dipl√¥me d'Ing√©nieur en √âlectrotechnique, √âlectricit√© Industrielle, Automatisme ou √©quivalent
- Ma√Ætrise des logiciels : STEP 7, TIA Portal, WINCC et Microsoft office
- Ma√Ætrise du fran√ßais et de l‚Äôanglais
- Une connaissance g√©n√©rale des normes ISO 9001 et ISO 22000 sera un atout
- Exp√©rience minimale de 3 ans dans un poste similaire
- Vous √™tes un homme de terrain et vous savez mobiliser une √©quipe
- Vous avez de bonnes capacit√©s d'analyse et de diagnostic
Nous vous offrons :
- Contrat CDI ou CIVP (selon le profil)
- Salaire comp√©titif
- Tickets restaurant
- Assurance groupe
- Avantages sociaux et mat√©riels valorisants
- Formation et d√©veloppement des comp√©tences
- Conventions de partenariat
Nous vous garantissons :
- Cadre de travail chaleureux et convivial
- Perspectives d‚Äô√©volution en interne et d‚Äô√©panouissement professionnel"
BTP en Maintenance Industrielle (Fejja),https://www.keejob.com/offres-emploi/232546/btp-en-maintenance-industrielle-fejja/,agriculture / agro-alimentaire / environnement,CDI,27 novembre 2025,"Mornaguia, La Manouba, Tunisie",,Formations professionnelles,Entre 1 et 2 ans,Plein temps,"SOTUCHOC, Soci√©t√© Tunisienne de Chocolaterie et de Confiserie, sp√©cialis√©e dans la fabrication de produits √† base de chocolat et de confiseries diverses, Leader national dans le domaine de l‚Äôagroalimentaire.
Nous appartenons au groupe SA√èDA, qui regroupe plusieurs soci√©t√©s dans l‚Äôagroalimentaire (biscuits, fromages et chocolats).
Nous disposons de deux sites situ√©s √† Megrine & Naassen, et un troisi√®me site en construction √† Fejja, qui sera mis en service prochainement.
Fort de nos 1500 collaborateurs entre les deux sites, et nous sommes toujours en croissance.
Nous sommes certifi√©s ISO 9001, ISO 22000 & Halel.
Nous recrutons un BTP en Maintenance Industrielle pour notre site situ√© √† Fejja.
Votre mission :
Le BTP en Maintenance Industrielle aura les missions suivantes :
- Assurer la maintenance pr√©ventive et curative des installations du site
- Assurer et respecter la s√©curit√©
Exigences de l‚Äôemploi :
- Dipl√¥me BTP en maintenance industrielle
- Connaissances approfondies en maintenance industrielle
- Exp√©rience souhait√©e d‚Äôune ann√©e dans le domaine industriel
- Disponibilit√© pour le travail post√© (3 √©quipes)
Nous vous offrons :
- Contrat CDI ou CIVP (selon le profil)
- Salaire comp√©titif
- Tickets restaurant
- Assurance groupe
- Avantages sociaux et mat√©riels valorisants
- Formation et d√©veloppement des comp√©tences
- Conventions de partenariat
Nous vous garantissons :
- Cadre de travail chaleureux et convivial
- Perspectives d‚Äô√©volution en interne et d‚Äô√©panouissement professionnel"
Commercial Terrain,https://www.keejob.com/offres-emploi/232542/commercial-terrain/,communication / publicit√© / m√©dia,CDI,27 novembre 2025,"Le Bardo, Tunis, Tunisie",600 - 800 TND / Mois,Bac + 3,Entre 2 et 5 ans,Plein temps,"la Soci√©t√© Xul Print, Agence de Design & Imprimerie sise au Bardo, souhaite enrichir son staff en recrutant un(e) Commercial(e) Terrain pour un poste disponible imm√©diatement.
Notre future collaboratrice aura pour Missions : 
* Faire la porte √† porte aupr√®s de potentiels clients
* Vendre les services de la soci√©t√© selon une argumentation bien r√©fl√©chie et √©tablie par les collaborateurs de la Soci√©t√©
* Rep√©rer et d√©crocher des consultations et des appels d'offres
* Construire et D√©velopper des relations √©troites et saines avec les partenaires (fournisseurs, clients, interm√©diaires...)
* Faire le suivi des ventes et respecter les deadlines √©tablis

Exigences : 
* √©tudes universitaires en commerce/technique de vente
* bonne ma√Ætrise de la langue fran√ßaise
* disponibilit√©, r√©activit√© et ponctualit√©
* permis de conduire

le Salaire varie selon le niveau d'√©tudes et l'exp√©rience professionnelle; √† n√©gocier lors de l'entretien, des primes int√©ressantes (selon Chiffre d'Affaires r√©alis√©) et beaucoup d'autres avantages...."
Gestionnaire Backoffice Bilingue,https://www.keejob.com/offres-emploi/232541/gestionnaire-backoffice-bilingue/,recrutement / ressources humaines,CDI,27 novembre 2025,"La Medina, Tunis, Tunisie",1000 - 1100 TND / Mois,Bac + 2,Entre 1 et 2 ans,Plein temps,"Nous recrutons au sein de notre structure des gestionnaires Sant√© :
- Vous Conseillez les assur√©s et les accompagnez quelque soit le canal qu'ils choisissent : T√©l√©phone, mail ou courrier 
-Vous contribuez activement √† leur satisfaction par la qualit√© de la r√©ponse apport√©e, la qualit√© de traitement et votre contribution √† l'atteinte des indicateurs de performance de notre site
-Vous g√©rez les appels de nos b√©n√©ficiaires et professionnels de sant√©
- Vous informez et conseillez nos clients sur les garanties souscrites
-Vous les accompagnez au quotidien dans leur parcours de soins
- Vous r√©alisez la gestion administrative: * gestion contrat
* Gestion prestation sant√©
*Gestion Mise √† jour dossiers
-Vous g√©rez la relation client
Avantages :
Vous aurez droit √† une formation sur notre site √† Tunis.
Un contrat CDI , Une assurance Sant√©, prime variable 13.3% de votre salaire brut annuel si vous atteignez les objectifs.
Navette gratuite pour vos d√©placements domicile - bureau
Prime de transport
Tickets Restaurant
Primes sur objectifs
possibilit√© de t√©l√©travail apr√®s la p√©riode d'int√©gration
Comp√©tences :
Bac + 2 avec ou sans exp√©rience en Assurance
M√©thodique, rigoureux, organis√© et r√©actif
Vous parlez couramment Anglais et Fran√ßais"
Gestionnaire backoffice(Fran√ßais/Anglais),https://www.keejob.com/offres-emploi/232540/gestionnaire-backofficefran%C3%A7aisanglais/,recrutement / ressources humaines,CDI,27 novembre 2025,"El Kram, Tunis, Tunisie",1050 - 1300 TND / Mois,Bac + 2,Aucune exp√©rience,Plein temps,"Nous recrutons au sein de notre structure des gestionnaires Sant√© :
- Vous Conseillez les assur√©s et les accompagnez quelque soit le canal qu'ils choisissent : T√©l√©phone, mail ou courrier 
-Vous contribuez activement √† leur satisfaction par la qualit√© de la r√©ponse apport√©e, la qualit√© de traitement et votre contribution √† l'atteinte des indicateurs de performance de notre site
-Vous g√©rez les appels de nos b√©n√©ficiaires et professionnels de sant√©
- Vous informez et conseillez nos clients sur les garanties souscrites
-Vous les accompagnez au quotidien dans leur parcours de soins
- Vous r√©alisez la gestion administrative: * gestion contrat
* Gestion prestation sant√©
*Gestion Mise √† jour dossiers
-Vous g√©rez la relation client
Avantages :
Vous aurez droit √† une formation sur notre site √† Tunis.
Un contrat CDI , Une assurance Sant√©, prime variable 13.3% de votre salaire brut annuel si vous atteignez les objectifs.
Navette gratuite pour vos d√©placements domicile - bureau
Prime de transport
Tickets Restaurant
Primes sur objectifs
possibilit√© de t√©l√©travail apr√®s la p√©riode d'int√©gration
Comp√©tences :
Bac + 2 avec ou sans exp√©rience en Assurance
M√©thodique, rigoureux, organis√© et r√©actif
Vous parlez couramment Anglais et Fran√ßais"
Call Center Agent / Kundenberater,https://www.keejob.com/offres-emploi/232539/call-center-agent-kundenberater/,recrutement / ressources humaines,CDI,27 novembre 2025,"Tunis, Tunisie",1600 - 1700 TND / Mois,Formations professionnelles,Moins d'un an,Plein temps,"f√ºr seinen Partner Callcenter Agent in deutsche Sprache ein :
Ihre Aufgabenschwerpunkte:
-Telefonische Kundenbetreuung
-Stammdatenpflege
-Allgemein anfallende B√ºrot√§tigkeiten
Deine Vorteile:
-Fit f√ºr den Job! Du bekommst ein kurzes, bezahltes Training und kannst anschlie√üend direkt beginnen.
-Ein sehr attraktives Gehalt
-Essensmarke
-Krankenversicherung
-Transport versichert
-Sprachpr√§mie 
-Ein attraktives Bonussystem ( Leistungsbonus + Sprachenbonus )
 -Ein freundliches Arbeitsumfeld mit
Und noch vieles mehr !
Das bringst Du mit:
 -Gute Deutschkenntnisse (Mindestens ein B2 Level) Kom¬≠muni¬≠ka¬≠tions¬≠st√§rke zeichnen Deine Arbeits¬≠weise aus.
-Kommunikationsf√§higkeit und gutes sprachliches Ausdrucksverm√∂gen
-ausgepr√§gte Kunden- und Serviceorientierung"
HELPDESK techniker in deutscher Sprache,https://www.keejob.com/offres-emploi/232538/helpdesk-techniker-in-deutscher-sprache/,recrutement / ressources humaines,CDI,27 novembre 2025,"El Kram, Tunis, Tunisie",1800 - 2000 TND / Mois,Formations professionnelles,Aucune exp√©rience,Plein temps,"Cpl jobs stellt f√ºr seinen Partner HELPDESK-Techniker in deutscher Sprache ein.

Sie sind dynamisch und motiviert, so dass Ihr Profil f√ºr uns von gro√üem Interesse ist.

Deine Vorteile:
Wir sorgen f√ºr kostenlosen Transport zur Arbeit.
AttraktivesGehalt.
Essensmarke.
Gruppenversicherung.
FreundlicheAtmosph√§re.
Wochenenden frei

Das w√ºnschen wir uns:
Sehr gute Deutsch-Kenntnisse in Wort und Schrift, sowie gute PC-Kenntnisse sind f√ºr dich selbstverst√§ndlich.
Du begeisterst dich f√ºr telefonische Kommunikation, hast starke kommunikative F√§higkeiten in Wort und Schrift und Lust auf direkten Kundenkontakt"
Community Manager,https://www.keejob.com/offres-emploi/232537/community-manager/,sant√© / param√©dical / optique,,27 novembre 2025,"La Marsa, Tunis, Tunisie",1200 - 1500 TND / Mois,Bac + 1,Entre 1 et 2 ans,Plein temps,"Nous recherchons un(e) Community Manager passionn√©(e) et exp√©riment√©(e), avec une v√©ritable expertise dans l‚Äôoptimisation SEO appliqu√©e aux r√©seaux sociaux, pour rejoindre notre √©quipe √† plein temps.
Missions principales :
‚Äì √âlaborer et mettre en ≈ìuvre des strat√©gies de contenu engageantes sur nos diff√©rentes plateformes (Facebook, Instagram, LinkedIn, TikTok‚Ä¶).
‚Äì Optimiser la visibilit√© organique des publications gr√¢ce √† une ma√Ætrise avanc√©e des techniques de SEO sur les r√©seaux sociaux (mots-cl√©s, hashtags, algorithmes, trends‚Ä¶).
‚Äì G√©rer la cr√©ation de contenus attractifs (posts, stories, reels, vid√©os courtes‚Ä¶) en collaboration avec notre √©quipe cr√©ative.
‚Äì Animer la communaut√©, interagir avec nos audiences et favoriser l‚Äôengagement.
‚Äì Suivre les performances via des outils d‚Äôanalyse et proposer des actions d‚Äôoptimisation continue.
Profil recherch√© :
‚Äì Excellente ma√Ætrise des r√©seaux sociaux et de leurs algorithmes.
‚Äì Connaissance approfondie du SEO appliqu√© aux plateformes sociales.
‚Äì Cr√©atif(ve), rigoureux(se) et force de proposition.
‚Äì Exp√©rience confirm√©e en gestion de communaut√© et cr√©ation de contenu.
‚Äì Bonne capacit√© r√©dactionnelle (fran√ßais imp√©ratif, anglais appr√©ci√©)."
"Conseiller client (appels, chat & email)",https://www.keejob.com/offres-emploi/232501/conseiller-client-appels-chat-email/,informatique / t√©l√©coms,,27 novembre 2025,"Tunis, Tunisie",,Bac,Aucune exp√©rience,Plein temps,"Si l‚Äô√©criture vous est plus naturelle que la parole. Si vous ponctuez comme vous respirez. TP Tunisie vous offre le poste qui satisfait vos inspirations.
Vous ma√Ætrisez la langue fran√ßaise √† l‚Äôoral comme √† l‚Äô√©crit, vous vouez une passion √† l‚Äôart de l‚Äô√©criture et les innovations technologiques.
TP Tunisie ouvre ses portes aux amoureux de la r√©daction et recrute des conseillers client multicanal.
 Au sein d‚Äôun environnement d‚Äôexcellence, nous proposons un poste bas√© sur la proximit√©, l‚Äô√©coute, l‚Äô√©panouissement et le d√©veloppement de vos comp√©tences ! Suivez votre passion, rejoignez le meilleur employeur en Tunisie !
Votre profil :
Vous √™tes motiv√©(e), dot√©(e) d‚Äôun bon relationnel et ayant le sens du service. Vos qualit√©s sont vos atouts !
Votre mission :
¬∑  Garantir une relation client efficace et instantan√©e.
¬∑  Identifier les besoins du client, trouver les arguments les plus adapt√©s.
Notre offre :
Un contrat d√®s l‚Äôembauche et une formation produit r√©mun√©r√©e.
Le choix parmi deux r√©gimes horaires de travail : 40H et 28H par semaine.
Un salaire fixe motivant compl√©t√© par un 13√®me mois et un syst√®me de primes attractif (prime sur objectifs mensuelle, prime de flexibilit√© mensuelle, bonus sur challenges).
De nombreux avantages vou√©s au bien-√™tre de nos collaborateurs : transport gratuit, tickets restaurant et assurance groupe, prime d‚Äôanciennet√©, primes saisonni√®res (Ramadan, rentr√©e scolaire), fonds social (mariage, naissance, aides exceptionnelles, cr√©dits √† 0%), tarifs pr√©f√©rentiels aupr√®s d‚Äôenseignes commerciales diverses.
Des opportunit√©s d‚Äô√©volution gr√¢ce √† nos politiques de formation continue et gestion de carri√®res (95% de nos managers sont issus de la promotion interne).
TP est une entreprise inclusive dont l‚Äôambition est de recruter et de promouvoir des talents divers : toutes nos offres d'emploi sont ouvertes aux personnes en situation de handicap. 
* TP est certifi√©e ¬´ Meilleur employeur en Tunisie / Best Places To Work in Tunisia ¬ª en 2018/2019/2020/2021.
* Fin 2019, TP a r√©ussi √† se hisser au rang des meilleurs employeurs en Afrique dans le cadre du prestigieux programme BEST PLACES TO WORK in AFRICA en se positionnant 1√®re dans notre secteur et 5√®me dans le classement global.
* TP est aussi certifi√©e GREAT PLACE TO WORK en 2021, 2022, 2023, 2024 et 2025.
Note d‚Äôinformation relative aux traitements de donn√©es"
1 Charg√©e d'Accueil et Bureau d'Ordre.,https://www.keejob.com/offres-emploi/232523/1-charg%C3%A9e-daccueil-et-bureau-dordre/,journalisme / traduction / √©dition,CDI,27 novembre 2025,"La Soukra, Ariana, Tunisie",850 - 900 TND / Mois,Bac,Entre 1 et 2 ans,Plein temps,"Profil:
- Niveau Bac ou  Plus.
- Pr√©sentable, Sociable et Bonne Communication.
- Age: Entre 25 Ans et 30 Ans.
- Ma√Ætrise de la Langue Fran√ßaise et de l'Outil Informatique.
- Exp√©rience souhait√©e dans une Fonction similaire. 
Missions Principales:
- La gestion d'Accueil des Visiteurs. 
- La gestion des Communications t√©l√©phoniques (entrantes et sortantes).
- La gestion du Bureau d'Ordre.
- Le Classement et l'Archivage des Dossiers.
- Le Dispatching du Courrier Administratif.
- La gestion des R√©unions."
Gestionnaire Des Stocks,https://www.keejob.com/offres-emploi/232528/gestionnaire-de-stock/,sant√© / param√©dical / optique,CDI,27 novembre 2025,"Ariana, Tunisie",800 - 1000 TND / Mois,Bac + 3,Entre 1 et 2 ans,Plein temps,"STE MEDICAL CONTACT
Cherche  actuellement un Gestionnaire de Stock 
Missions principales :
R√©ception et contr√¥le des marchandises :
Gestion des mouvements de stock :
R√©alisation des inventaires :
Organisation et entretien de l‚Äôespace de stockage :.
Profil recherch√© :
      Sexe f√©minin
  Formation Bac +3 minimum
  Exp√©rience significative dans un poste similaire
  Ma√Ætrise des outils bureautiques (Excel, Word) et d‚Äôun ERP (sage souhait√©).
  Bonnes connaissances en facturation, logistique et gestion de stock.
  Rigueur, sens de l‚Äôorganisation et capacit√© √† travailler en √©quipe."
